{"cameraMode":{"drawMode":0,"name":"Shaded","section":"Shading Mode"},"sceneLighting":false,"audioPlay":false,"sceneViewState":{"showFog":true,"showMaterialUpdate":false,"showSkybox":true,"showFlares":true,"showImageEffects":true,"showParticleSystems":true},"in2DMode":false,"pivot":{"x":-0.8840672373771668,"y":1.3945717811584473,"z":-5.391862869262695},"rotation":{"x":-0.04571151360869408,"y":-0.9510565996170044,"z":0.2525044083595276,"w":-0.17217278480529786},"size":2.3716471195220949,"orthographic":false}