{"cameraMode":{"drawMode":0,"name":"Shaded","section":"Shading Mode"},"sceneLighting":false,"audioPlay":false,"sceneViewState":{"showFog":true,"showMaterialUpdate":false,"showSkybox":true,"showFlares":true,"showImageEffects":true,"showParticleSystems":true},"in2DMode":false,"pivot":{"x":0.6458638906478882,"y":1.336568832397461,"z":-4.995800495147705},"rotation":{"x":0.009671362116932869,"y":-0.8590878844261169,"z":0.5114787220954895,"w":0.016244322061538698},"size":2.971647024154663,"orthographic":false}