{"cameraMode":{"drawMode":0,"name":"Shaded","section":"Shading Mode"},"sceneLighting":false,"audioPlay":false,"sceneViewState":{"showFog":true,"showMaterialUpdate":false,"showSkybox":true,"showFlares":true,"showImageEffects":true,"showParticleSystems":true},"in2DMode":false,"pivot":{"x":-3.0741360187530519,"y":1.336568832397461,"z":-4.995800495147705},"rotation":{"x":0.009671363048255444,"y":-0.8590880036354065,"z":0.5114787817001343,"w":0.016244323924183847},"size":2.971647262573242,"orthographic":false}